NG-001	scripts/verify-ng-001-one-key-rule.mjs::ng-001-one-key-rule	node scripts/verify-ng-001-one-key-rule.mjs  # live-main
NG-002	scripts/verify-ng-002-navigation-keeps-row.mjs::ng-002-navigation-keeps-row	node scripts/verify-ng-002-navigation-keeps-row.mjs  # live-main
NG-003	scripts/verify-ng-003-same-url-two-rows.mjs::ng-003-same-url-two-rows	node scripts/verify-ng-003-same-url-two-rows.mjs  # live-main
NG-004	scripts/verify-ng-004-new-tab-row-unknown-uri-error.mjs::ng-004-new-tab-row-unknown-uri-error	node scripts/verify-ng-004-new-tab-row-unknown-uri-error.mjs  # live-main
NG-005	scripts/verify-ng-005-prune-keeps-open-rows.mjs::ng-005-prune-keeps-open-rows	node scripts/verify-ng-005-prune-keeps-open-rows.mjs  # live-main
NG-006	scripts/verify-ng-006-close-group-closes-web-tabs.mjs::ng-006-close-group-closes-web-tabs	node scripts/verify-ng-006-close-group-closes-web-tabs.mjs  # live-main
NG-007	scripts/verify-ng-007-shell-tabs-keep-group-across-restart.mjs::ng-007-shell-tabs-keep-group-across-restart	node scripts/verify-ng-007-shell-tabs-keep-group-across-restart.mjs  # live-clone
NG-008	scripts/verify-ng-008-panorama-card-reopens-through-opener.mjs::ng-008-panorama-card-reopens-through-opener	node scripts/verify-ng-008-panorama-card-reopens-through-opener.mjs  # live-clone
NG-009	scripts/verify-ng-009-content-age-columns.mjs::ng-009-content-age-columns	node scripts/verify-ng-009-content-age-columns.mjs  # live-main
NG-010	scripts/verify-ng-010-closed-tab-history.mjs::ng-010-closed-tab-history	node scripts/verify-ng-010-closed-tab-history.mjs  # live-main
NG-011	scripts/verify-ng-011-settings-table-read.mjs::ng-011-settings-table-read	node scripts/verify-ng-011-settings-table-read.mjs  # live-main
NG-012	scripts/verify-ng-012-reader-reports-schema-errors.mjs::ng-012-reader-reports-schema-errors	node scripts/verify-ng-012-reader-reports-schema-errors.mjs  # live-clone
NG-013	scripts/verify-ng-013-unopenable-store-quarantined.mjs::ng-013-unopenable-store-quarantined	node scripts/verify-ng-013-unopenable-store-quarantined.mjs  # live-main
NG-014	scripts/verify-ng-014-rebuild-at-head.mjs::ng-014-rebuild-at-head	node scripts/verify-ng-014-rebuild-at-head.mjs  # live-main
NG-015	scripts/verify-ng-015-real-migration-from-every-version.mjs::ng-015-real-migration-from-every-version	node scripts/verify-ng-015-real-migration-from-every-version.mjs  # live-main
NG-016	scripts/verify-ng-016-gui08-persistence-at-head.mjs::ng-016-gui08-persistence-at-head	node scripts/verify-ng-016-gui08-persistence-at-head.mjs  # quick
NG-017	scripts/verify-ng-017-sql05-restarts-real-browser.mjs::ng-017-sql05-restarts-real-browser	node scripts/verify-ng-017-sql05-restarts-real-browser.mjs  # live-clone
NG-018	scripts/verify-ng-018-scheduled-integrity-check.mjs::ng-018-scheduled-integrity-check	node scripts/verify-ng-018-scheduled-integrity-check.mjs  # live-main
NG-019	scripts/verify-ng-019-tab-store-doc.mjs::ng-019-tab-store-doc	node scripts/verify-ng-019-tab-store-doc.mjs  # quick
NG-020	scripts/verify-ng-020-absence-wiring-by-call.mjs::ng-020-absence-wiring-by-call	node scripts/verify-ng-020-absence-wiring-by-call.mjs  # quick
